<PicketLink xmlns="urn:picketlink:identity-federation:config:2.1">
	<PicketLinkSP xmlns="urn:picketlink:identity-federation:config:2.1"
		ServerEnvironment="tomcat" BindingType="REDIRECT" RelayState="someURL">
		<IdentityURL>${idp.url::https://localhost:8443/auth/realms/demo/protocol/saml}</IdentityURL>
		<ServiceURL>${ROOT.url::https://localhost:8443/root/}</ServiceURL>
	</PicketLinkSP>
	<Handlers xmlns="urn:picketlink:identity-federation:handler:config:2.1">
		<Handler
			class="org.picketlink.identity.federation.web.handlers.saml2.SAML2LogOutHandler" />
		<Handler
			class="org.picketlink.identity.federation.web.handlers.saml2.SAML2AuthenticationHandler">
		</Handler>
		<Handler
			class="org.picketlink.identity.federation.web.handlers.saml2.RolesGenerationHandler" />
	</Handlers>
</PicketLink>
